{
  "fold1": {
    "train_loss": [
      0.692015806729647,
      0.6025784520366262,
      0.5680000017667519,
      0.5304350177461895,
      0.5119981509500715,
      0.4949836741084757,
      0.4953747023528126,
      0.4722194960494449,
      0.4433822771092166,
      0.4144445372366536,
      0.40018714374598713,
      0.38178208737686714,
      0.36283503710359766,
      0.3543929055981014,
      0.3476287576256842,
      0.34089677916771766,
      0.33159823302386227,
      0.3265568813358409,
      0.32492151801315683,
      0.3193816534582822,
      0.31638575402246244,
      0.3155216614584039,
      0.3125716350648714,
      0.3105753797596541,
      0.31005987664987184,
      0.3081266693044817,
      0.30697349215048303,
      0.30658425641679454,
      0.3053768011241004,
      0.3057777687110405,
      0.3053000752759659,
      0.3046484432410801,
      0.3045263783014875,
      0.3044861123107303,
      0.30452989767129157,
      0.3049238882716866,
      0.3027846715908715,
      0.3037107116107581,
      0.3022595594773467,
      0.30278147381731774
    ],
    "val_loss": [
      0.5793364067291511,
      0.4612045849430031,
      0.43246446339891054,
      0.43963021034005284,
      0.4766875161179181,
      0.4677180244751658,
      0.4624000626436059,
      0.4414357190755294,
      0.5059302638599957,
      0.5109695236960511,
      0.481033669277348,
      0.5092385346028043,
      0.4942461212967587,
      0.518922349159745,
      0.5149397185479088,
      0.5119400287958338,
      0.5058246389262263,
      0.5290173555853247,
      0.5242099408162707,
      0.5187109057037071,
      0.5263668027506775,
      0.5201457187138695,
      0.5243467191333833,
      0.5234341717165509,
      0.528184726946,
      0.5292758223028674,
      0.5310777315031225,
      0.5287769281718208,
      0.5295260583666311,
      0.5306484011904351,
      0.531127506229414,
      0.5324534941306417,
      0.5329209001942434,
      0.531501421231082,
      0.5324117575866588,
      0.5335773352323205,
      0.533761481853618,
      0.5348991363912985,
      0.5353857521591396,
      0.535883622324985
    ]
  },
  "fold2": {
    "train_loss": [
      0.6152801642108351,
      0.5028035745824618,
      0.4661536455600896,
      0.4447217251217172,
      0.4389340206404006,
      0.42488251997811366,
      0.43637525496188173,
      0.4172406193803759,
      0.40123441522561953,
      0.3887512778149413,
      0.38358107598012453,
      0.3759649975915973,
      0.3804375335853198,
      0.3727738043416603,
      0.366732804129335,
      0.3645501770107041,
      0.3546109391062447,
      0.3447162274080567,
      0.3376814647523056,
      0.3254574403445819,
      0.3213882897435205,
      0.3163442710886585,
      0.31379564372118046,
      0.3093990340791689,
      0.30537902018178564,
      0.3050559376658274,
      0.3024647728148173,
      0.3000912770238262,
      0.29966437219829295,
      0.29838801439335283,
      0.2985663060949983,
      0.29653039367011425,
      0.2963442070318965,
      0.2959557332982136,
      0.2957500229614058,
      0.29588682342706696,
      0.2947392596957389,
      0.2945210905631681,
      0.29512510459670116,
      0.29416591214776483
    ],
    "val_loss": [
      0.48206450613303997,
      0.3741202587368845,
      0.34820149411474804,
      0.33033614504015607,
      0.3878352280067599,
      0.3422958459900594,
      0.3460412034536826,
      0.33869757581835447,
      0.32235074438702044,
      0.32614137445283736,
      0.31769283550015576,
      0.3241579826848618,
      0.3188216514598722,
      0.31877765258302215,
      0.329768021514212,
      0.3209062801606056,
      0.32412884888918264,
      0.32087555302791987,
      0.32262269051178644,
      0.3229487850584429,
      0.3222595590284501,
      0.325577602788307,
      0.32416073131984263,
      0.32378183759521806,
      0.32439698292308305,
      0.32446823061733826,
      0.32293568929096034,
      0.32358714387841014,
      0.32390618565557955,
      0.32441377276363875,
      0.3245883818449586,
      0.32390984175712806,
      0.32413527138646636,
      0.32389786255651565,
      0.3244092942013972,
      0.3242224733392219,
      0.32418023163768306,
      0.3242635145701509,
      0.32424884136470183,
      0.3243644403285351
    ]
  },
  "fold3": {
    "train_loss": [
      0.5713639885489685,
      0.46240095744604753,
      0.4349003727691188,
      0.4230575679239883,
      0.4126140648686047,
      0.4133676288974604,
      0.3994370711724638,
      0.4002022282923294,
      0.39473859674175915,
      0.39093347583669735,
      0.3774502130197713,
      0.37957848206021105,
      0.3731789251228084,
      0.37808587213516,
      0.367454529345472,
      0.36106414423397165,
      0.3651519429219465,
      0.35757642858912014,
      0.3478202963901014,
      0.34263889969416916,
      0.33769490719734285,
      0.3322140201541861,
      0.3249008917961289,
      0.32012850863502273,
      0.31193898552258414,
      0.30922392593939424,
      0.3021624142867909,
      0.2981509999702964,
      0.29477065070573333,
      0.29219851002932823,
      0.28889844895282074,
      0.28666042707231837,
      0.28474626540740927,
      0.2833273314506207,
      0.28021286194376865,
      0.27984682068707323,
      0.2786380757054943,
      0.2783429309524897,
      0.2769391613115505,
      0.2773069167374216
    ],
    "val_loss": [
      0.4614802730390276,
      0.39350316474313796,
      0.3785191795442892,
      0.37987209028419644,
      0.3865782882811605,
      0.37760816294065064,
      0.37045251218781716,
      0.37234984011366506,
      0.36595929712280517,
      0.3595331135480062,
      0.36619679994698706,
      0.3624071847239713,
      0.3593774737268016,
      0.3625415364156539,
      0.3660430500860038,
      0.3695360600263223,
      0.3644528347200182,
      0.354390775603333,
      0.3620026859565117,
      0.3574455194119392,
      0.3721232038253787,
      0.36627207851332466,
      0.3759544586417438,
      0.37271431878559114,
      0.3766340445364076,
      0.377450750350416,
      0.37991644234314137,
      0.3787237643331721,
      0.38056883087818294,
      0.3829764673064674,
      0.38247589861554304,
      0.382009739639877,
      0.382542100162997,
      0.3831707244363801,
      0.3820061447366007,
      0.3825713173187953,
      0.3825303631490734,
      0.38253089354402836,
      0.38322617532848297,
      0.3833532290629063
    ]
  }
}